distance,station
230.83958333333325,CUIG
445.6374999999999,CUIG
