distance,station
352.9164037,CUIG
502.5734474,OXIG
587.3676628571025,HUIG