distance,station
363.1833333333332,CUIG
363.98541666666654,CUIG
