distance,station
364.9479166666666,CUIG
319.2291666666666,CUIG
